"transcription","cost_threshold","train","validate","recall","precision"
"s_2-s_7-s_0-s_pt",2.8811338488142635,1,0,1.0,1.0
"l-e-t-t-e-r-s-s_cm",4.649960126941633,9,1,0.1111111111111111,1.0
"o-r-d-e-r-s",6.775076790767669,15,6,0.3333333333333333,0.8333333333333334
"a-n-d",2.469087954359311,63,34,0.031746031746031744,1.0
"i-n-s-t-r-u-c-t-i-o-n-s-s_pt",16.174918054782445,11,4,0.6363636363636364,1.0
"o-c-t-o-b-e-r",6.595834705283028,15,0,0.13333333333333333,0.6666666666666666
"s_1-s_7-s_5-s_5-s_pt",3.641675428745574,12,7,0.16666666666666666,1.0
"o-n-l-y",1.4881509891994815,4,0,0.25,1.0
"f-o-r",1.4178587592068455,37,17,0.08108108108108109,0.75
"t-h-e",1.5066776684497405,129,61,0.3178294573643411,0.640625
"p-u-b-l-i-c-k",4.0886548287235085,1,0,1.0,1.0
"u-s-e-s_cm",1,1,0,1.0,0.5
"u-n-l-e-s_s-s",4.580657529957795,3,0,0.3333333333333333,1.0
"b-y",1.5826370030088184,13,3,0.15384615384615385,1.0
"p-a-r-t-i-c-u-s_mi",3.519781378225109,1,0,1.0,1.0
"l-a-r",1.8616249699649638,1,0,1.0,1.0
"f-r-o-m",3.3143183253495323,16,5,0.125,0.6666666666666666
"m-e-s_pt",2.112284845922824,3,0,0.3333333333333333,1.0
"y-o-u",1.8116528399356644,70,8,0.05714285714285714,0.6666666666666666
"a-r-e",1.2999417739263643,57,11,0.12280701754385964,0.6363636363636364
"t-o",1.4597834581275004,139,51,0.007194244604316547,1.0
"s-e-n-d",7.538773415413752,3,2,0.3333333333333333,1.0
"d-o-w-n",4.1493495416938995,3,1,0.3333333333333333,1.0
"a",1.0569847124389928,15,11,0.06666666666666667,1.0
"b-a-r-r-e-l",8.543702315979463,1,0,1.0,1.0
"o-f",1.8800523331590948,64,31,0.6875,0.8
"f-l-i-n-t-s",6.509302685097344,1,0,1.0,1.0
"w-i-t-h",4.248440228660467,26,17,0.15384615384615385,0.8
"a-r-m-s-s_cm",4.307798081923962,2,2,0.5,1.0
"w-i-n-c-h-e-s-t-e-r-s_cm",10.245663161157136,3,0,0.3333333333333333,1.0
"a-b-o-u-t",5.915303107667388,3,1,0.3333333333333333,1.0
"t-w-o",3.0188173944302132,3,1,0.3333333333333333,1.0
"t-h-o-u-s-a-n-d",10.3702491400854,1,2,1.0,1.0
"w-e-i-g-h-t",1.9368251901344746,1,0,1.0,1.0
"f-l-o-u-r-s_cm",3.9177225222363674,1,0,1.0,1.0
"c-o-m-p-a-n-i-e-s",9.223527933140737,2,0,0.5,1.0
"r-a-n-g-e-r-s-s_sq",5.454216488553747,1,0,1.0,1.0
"t-w-e-l-v-e",6.984207451944977,2,1,0.5,1.0
"h-u-n-d-r-e-d",11.403565127219569,1,2,1.0,1.0
"w-h-i-c-h",6.30696256050232,19,6,0.2631578947368421,0.8333333333333334
"b-e",1.3216640328905376,29,24,0.034482758620689655,1.0
"d-e-l-i-v-e-r-e-d",8.795751487846704,4,0,0.25,1.0
"c-a-p-t-a-i-n",6.917554496453782,18,5,0.1111111111111111,0.6666666666666666
"a-s-h-b-y",4.5791665862799205,1,0,1.0,1.0
"c-o-m-p-a-n-y-s_cm",8.74731060875644,8,1,0.25,0.6666666666666666
"a-t",1.2992515036053756,25,10,0.08,1.0
"p-l-a-n-t-a-t-i-o-n",12.895337389457238,1,0,1.0,1.0
"c-h-a-r-l-e-s",6.673520229571568,1,0,1.0,1.0
"s-e-l-l-a-r-s",5.036434406679747,1,0,1.0,1.0
"s_mi",2.0652212242160535,34,6,0.4117647058823529,0.6666666666666666
"r-e-s-t",1,1,0,1.0,1.0
"c-o-c-k-e-s-s_qt",1.6167153747147407,1,0,1.0,1.0
"n-i-c-h-o-l-a-s",14.303305462577502,1,0,1.0,1.0
"r-e-a-s-m-e-r-s-s_pt",8.182211254576687,1,0,1.0,1.0
"s_2-s_6th-s_pt",1.453556602772943,2,0,0.5,1.0
"s_gw",3.076850150927565,8,2,0.25,0.6666666666666666
"s_2-s_8th",1,1,0,1.0,1.0
"w-i-n-c-h-e-s-t-e-r-s_qo",11.057616780762036,1,0,1.0,1.0
"s_2-s_8th-s_cm",1,1,0,1.0,1.0
"p-a-r-o-l-e",6.1869318868287575,2,0,0.5,1.0
"h-a-m-p-t-o-n-s_pt",9.768231308737189,1,0,1.0,1.0
"o-f-f-i-c-e-r-s",4.875708335680495,2,3,0.5,1.0
"w-h-o",1.3164519252817963,5,1,0.2,1.0
"c-a-m-e",2.2436236517293175,1,2,1.0,1.0
"f-o-r-t",2.625490864646794,15,2,0.06666666666666667,1.0
"c-u-m-b-e-r-l-a-n-d",18.522121356556575,3,1,0.3333333333333333,1.0
"c-o-l-o-n-e-l",10.465123913406783,4,2,0.25,1.0
"w-a-s-h-i-n-g-t-o-n-s_cm",8.304639054706904,1,0,1.0,1.0
"i-m-m-e-d-i-a-t-e-l-y",14.571976034814782,5,0,0.4,0.6666666666666666
"g-o",1.5978638835111059,4,2,0.25,1.0
"r-e-c-r-u-i-s_mi",7.737068339653407,2,0,0.5,1.0
"t-i-n-g-s_sq",1.0258676274914862,1,0,1.0,1.0
"t-h-e-y",1.6909362505360606,22,3,0.22727272727272727,0.5555555555555556
"a-l-l-o-w-e-d",9.987987694658486,3,0,0.6666666666666666,0.6666666666666666
"u-n-t-i-l",4.050738832482209,5,3,0.2,1.0
"s_1st-s_pt",1.5538126548903655,9,0,0.2222222222222222,1.0
"d-e-s_mi",1.9405068355921737,2,2,0.5,1.0
"c-e-m-b-e-r-s_sq",3.118541979626478,1,0,1.0,1.0
"t-i-m-e",3.2394050913520624,4,1,0.25,1.0
"i-f",1.554507708745606,11,10,0.18181818181818182,1.0
"d-o",1.0715700716821657,5,0,0.2,1.0
"n-o-t",2.7396525194739176,5,11,0.2,1.0
"p-u-n-c-t-u-a-l-l-y",11.23218076110348,1,0,1.0,1.0
"a-p-p-e-a-r",5.194334230261397,1,0,1.0,1.0
"p-l-a-c-e",3.678474546028266,4,1,0.25,1.0
"r-e-n-d-e-z-s_mi",6.447728269296764,1,0,1.0,1.0
"v-o-u-s",2.2436236517293175,1,0,1.0,1.0
"a-s_s-s-i-g-n-e-d",6.498656396179147,1,0,1.0,1.0
"t-h-e-m-s_cm",5.373154905651853,2,1,0.5,1.0
"w-i-l-l",3.0405323640709465,17,7,0.11764705882352941,1.0
"t-r-i-e-d",2.2739475571867636,1,0,1.0,1.0
"c-o-u-r-t",4.314634441485868,2,0,0.5,1.0
"m-a-r-t-i-a-l-s_cm",10.063272410157726,1,0,1.0,1.0
"d-i-s-o-b-e-d-i-e-n-c-e",16.954409827523673,1,0,1.0,1.0
"o-r-d-e-r-s-s_pt",3.4004175669198906,1,0,1.0,1.0
"w-a-i-t",2.5595062785897524,1,2,1.0,1.0
"u-p-o-n",3.8672507704441577,4,1,0.5,1.0
"a-i-d",3.075761616581846,3,1,0.3333333333333333,1.0
"d-e",1.096593837447112,3,1,0.3333333333333333,1.0
"c-a-m-p",2.333034679666903,1,0,1.0,1.0
"o-n-e",1.0058507102947405,10,0,0.2,0.6666666666666666
"c-l-o-c-k-s_cm",5.303470461668396,1,0,1.0,1.0
"r-e-c-e-i-v-e",5.706378418637403,5,2,0.2,1.0
"t-h-e-i-r",2.818322027218705,4,2,0.25,1.0
"t-i-n-g",1,1,0,1.0,1.0
"e-a-c-h",2.840380022889004,4,1,0.25,1.0
"o-f-f-i-c-e-r",3.3563744054972964,5,0,0.2,1.0
"p-r-e-s-e-n-t-s_cm",6.865875156526969,1,0,1.0,1.0
"g-i-v-e",3.8561601773457275,3,1,0.3333333333333333,1.0
"i-n",1.39498167919924,19,17,0.10526315789473684,1.0
"r-e-t-u-r-n",9.150784467802639,3,1,0.3333333333333333,1.0
"n-u-m-b-e-r",6.756829200523668,1,0,1.0,1.0
"m-e-n",3.1540921548126106,14,3,0.14285714285714285,0.6666666666666666
"h-e",1.2939677586268648,13,3,0.07692307692307693,1.0
"h-a-s",1.575752610882546,7,2,0.14285714285714285,1.0
"e-n-l-i-s-t-e-d-s_pt",8.445554069554378,1,0,1.0,1.0
"s-u-b-a-l-t-e-r-n-s_cm",12.52262407869237,2,0,0.5,1.0
"s-e-r-g-e-a-n-t-s_cm",6.574998615006716,2,0,0.5,1.0
"c-o-r-p-o-r-a-l-s_cm",11.215791175222531,2,0,0.5,1.0
"d-r-u-m-m-e-r-s_cm",11.142514039029631,2,0,0.5,1.0
"t-w-e-n-t-y",3.1510435599874302,5,1,0.2,1.0
"f-i-v-e",3.3578178755421115,2,0,0.5,1.0
"p-r-i-v-a-t-e",5.621414551865827,3,0,0.3333333333333333,1.0
"m-e-n-s_cm",3.538797478570425,4,0,0.25,1.0
"m-o-u-n-t",5.84390166806026,1,0,1.0,1.0
"g-u-a-r-d",9.713396008776838,2,0,0.5,1.0
"d-a-y-s_cm",2.4165491438945472,1,0,1.0,1.0
"r-e-l-i-e-v-e-d",11.685971919532195,1,0,1.0,1.0
"m-o-r-r-o-w",5.856873734441666,1,0,1.0,1.0
"t-e-n",1.546639440496112,4,3,0.25,1.0
"o-s_qt-c-l-o-c-k-s_pt",7.230769900094677,1,0,1.0,1.0
"s_mi-s_pt",2.6777764735484118,1,0,1.0,1.0
"a-l-l",1.096593837447112,7,5,0.14285714285714285,1.0
"r-e-p-o-r-t-s",6.459098923398148,1,0,1.0,1.0
"r-e-t-u-r-n-s",7.330125215217423,2,0,0.5,1.0
"m-a-d-e",7.325256474973157,5,2,0.4,1.0
"c-a-m-p-s_pt",3.9443741361313056,2,0,0.5,1.0
"s_2-s_7-s_1-s_pt",1,1,0,1.0,1.0
"s_2-s_8th-s_pt",1.4836494334043406,4,0,0.75,0.75
"e-n-s-i-g-n",5.345648949043949,6,0,0.6666666666666666,1.0
"f-l-e-m-i-n-g-s_cm",6.3684804595544815,2,0,0.5,1.0
"v-i-r-g-i-n-i-a",7.101752153925411,8,1,0.375,1.0
"r-e-g-i-m-e-n-t-s_pt",9.67146915653166,7,0,0.14285714285714285,1.0
"h-e-r-e-b-y",3.5508001712905495,7,0,0.14285714285714285,1.0
"o-r-d-e-r-e-d",5.7191072675324115,10,1,0.1,1.0
"r-e-p-a-i-r",4.306326929206415,2,0,0.5,1.0
"h-o-g-g-s_qt-s",2.2706653232336422,1,1,1.0,1.0
"c-o-m-p-a-n-y",8.122366306710596,7,0,0.2857142857142857,1.0
"d-i-n-w-i-d-d-i-e",8.60872657162032,1,0,1.0,1.0
"e-i-g-h-t",3.4415165383337847,7,0,0.14285714285714285,1.0
"g-o-o-d",3.568954016875204,3,2,0.3333333333333333,1.0
"m-e-n-s_qo",4.56810028993725,1,0,1.0,1.0
"a-s",1.020842043557495,31,8,0.06451612903225806,1.0
"t-h-a-t",2.7255757026427996,25,26,0.04,1.0
"i-s",1.39240098031372,21,14,0.19047619047619047,0.5714285714285714
"w-i-t-h-o-u-t",7.44313095730878,1,1,1.0,1.0
"s-u-r-g-e-o-n-s_cm",7.471690898898529,2,0,0.5,1.0
"d-u-t-y-s_cm",2.4025889025684295,1,0,1.0,1.0
"a-n",1.187521063534947,4,2,0.25,1.0
"a-l-l-o-w-a-n-c-e",11.789580440992571,1,0,1.0,1.0
"i-t-s_pt",1.5968514479571005,2,0,0.5,1.0
"p-r-o-v-i-d-e",6.193805400618563,4,0,0.25,1.0
"m-e-d-i-c-i-n-e-s-s_cm",9.377268943046372,1,0,1.0,1.0
"s_et-c-s_pt",1.9372344705564832,13,5,0.6923076923076923,0.9
"b-e-s-t",2.7507543985509906,4,0,0.25,1.0
"t-e-r-m-s",3.809257037072554,2,0,0.5,1.0
"c-a-n-s_pt",1.481851912031245,1,0,1.0,1.0
"t-h-i-s",1.3617935872753206,9,11,0.1111111111111111,1.0
"o-r-d-e-r",4.526229287541662,4,1,0.5,1.0
"i",1.6307618611471972,16,33,0.1875,0.6
"e-x-p-e-c-t",4.702572185911349,2,1,0.5,1.0
"i-m-m-e-d-i-s_mi",11.060093339922258,2,0,0.5,1.0
"a-t-e-l-y",3.57499123205918,2,0,0.5,1.0
"c-o-m-p-l-i-e-d",7.608123039699446,3,0,0.3333333333333333,1.0
"w-i-t-h-s_sq",3.7499770261471594,1,0,1.0,1.0
"n-o",1.0232677871671962,6,2,0.16666666666666666,1.0
"d-e-l-a-y-s",3.8540087309346696,1,0,1.0,1.0
"o-f-s_mi",1,1,0,1.0,1.0
"f-e-r-e-d-s_pt",4.549445297358328,1,0,1.0,1.0
"a-c-c-o-u-n-t",8.701469325560351,3,0,0.6666666666666666,1.0
"b-e-l-l",4.670646907238812,2,0,0.5,1.0
"y-o-u-r",1.606145834485395,20,12,0.05,1.0
"r-e-c-r-u-i-t-i-n-g",10.593240201711254,2,1,0.5,1.0
"m-o-n-e-y-s_cm",4.462619603742014,1,1,1.0,1.0
"b-e-f-o-r-e",5.229234427365419,3,1,0.3333333333333333,1.0
"l-e-a-v-e",3.2086674602776997,1,2,1.0,1.0
"h-i-m-s_pt",4.8349430118706955,3,0,0.3333333333333333,1.0
"s-h-o-u-l-d",8.011305613140623,4,5,0.5,1.0
"a-r-r-i-v-e",6.407197331519481,6,0,0.6666666666666666,1.0
"a-u-g-u-s-t-a",6.183933544838327,1,0,1.0,1.0
"h-o-u-s-e",3.6372085707642414,1,0,1.0,1.0
"s-e-r-g-e-a-n-t",7.6198826493015055,7,0,0.42857142857142855,0.75
"w-i-l-p-e-r",5.575953319268552,3,0,0.3333333333333333,1.0
"h-i-s",1.3580417803292473,11,1,0.09090909090909091,1.0
"p-a-r-t-y-s_cm",2.4705926605977226,1,0,1.0,1.0
"h-a-l-t",5.100169106009713,2,0,0.5,1.0
"t-h-e-r-e",2.9848175815083513,7,7,0.14285714285714285,1.0
"j-o-i-n-s-s_cm",1.9184969024153933,1,0,1.0,1.0
"e-s-c-o-r-t",4.327536338797753,1,0,1.0,1.0
"a-m-m-u-n-i-t-i-o-n-s_cm",18.69295951008011,1,0,1.0,1.0
"f-o-r-t-s_sq",1.9886529457206308,1,0,1.0,1.0
"w-h-e-r-e",4.161095776666321,2,1,0.5,1.0
"c-l-o-t-h-e-s",9.241375379626895,2,0,0.5,1.0
"a-r-m-s",2.522737258640292,5,0,0.2,1.0
"m-e-n-s_pt",5.196356887503679,1,0,1.0,1.0
"h-a-v-e",4.143636488520259,11,7,0.09090909090909091,1.0
"f-l-e-m-i-n-g",5.538820648743232,1,0,1.0,1.0
"h-o-g-g-s",2.7809488482695137,4,0,0.25,1.0
"m-e-n-s_sq",2.7489078526468265,1,1,1.0,1.0
"s-e-e",1.578180578516969,18,0,0.05555555555555555,1.0
"w-i-t-h-s_pt",4.091469156391931,2,0,0.5,1.0
"m-o-n-e-y",5.582856379989978,5,3,0.2,1.0
"l-e-a-v-e-s",5.385120018602181,1,0,1.0,1.0
"y-o-u-s_pt",2.8620809890638843,2,0,0.5,1.0
"o-r-d-e-r-e-d-s_cm",7.079397512613195,3,0,0.3333333333333333,1.0
"p-e-r-e-m-p-t-o-r-i-l-y-s_cm",13.608794684717,1,0,1.0,1.0
"w-h-a-t",2.967701612159915,3,4,0.3333333333333333,1.0
"h-a-v-e-s_cm",1.6254908646467938,1,1,1.0,1.0
"o-r",1.076529508535946,11,4,0.09090909090909091,1.0
"c-a-n",2.2685940405449427,7,8,0.14285714285714285,1.0
"e-n-s_mi",1.477282662839301,1,1,1.0,1.0
"l-i-s-t",1,1,0,1.0,1.0
"d-e-c-e-m-b-e-r-s_pt",12.064369684079127,2,1,0.5,1.0
"l-a-t-e",2.0701044784387723,1,1,1.0,1.0
"d-i-s-o-b-e-d-i-s_mi",5.2326656917590775,1,0,1.0,1.0
"e-n-c-e",1.7267084704274147,1,0,1.0,1.0
"g-r-e-a-t-l-y",4.363273364274165,1,1,1.0,1.0
"d-i-s-p-l-e-a-s-e-d",11.288536902082512,1,0,1.0,1.0
"i-t",1.425783388369403,8,9,0.125,1.0
"i-m-p-o-s_s-s-i-b-l-e",8.561714810360625,1,0,1.0,1.0
"c-a-r-r-y",3.772542200663411,2,0,0.5,1.0
"o-n",0.8860218496826923,10,4,0.2,0.6666666666666666
"a-f-f-a-i-r-s",2.3723331571137285,1,0,1.0,1.0
"o-u-g-h-t",5.161223070321258,2,0,0.5,1.0
"b-e-s_cm",1,1,0,1.0,1.0
"w-h-e-n",5.4801830388432915,3,7,0.3333333333333333,1.0
"p-a-y",1.6516850450765717,7,0,0.14285714285714285,1.0
"s-o",1.1168546224581948,6,4,0.16666666666666666,1.0
"l-i-t-t-l-e",4.235782737504624,1,1,1.0,1.0
"r-e-g-a-r-d",5.87848854023768,1,0,1.0,1.0
"f-o-r-c-e",3.214634688001553,1,0,1.0,1.0
"m-i-l-i-t-a-r-y",6.46517692520417,1,1,1.0,1.0
"m-u-s-t",3.1540921548126106,15,1,0.06666666666666667,1.0
"c-o-n-s-c-i-o-u-s",10.123268832894139,1,0,1.0,1.0
"w-i-t-h-i-n",3.2549434754949944,1,0,1.0,1.0
"y-o-u-r-s-e-l-f",7.822569166781664,2,0,0.5,1.0
"s_bl-o-r",1,1,0,1.0,1.0
"l-e-a-s-t",2.2063373578654906,1,0,1.0,1.0
"b-e-s_br",1,1,0,1.0,1.0
"c-r-i-m-e",3.580152144816613,1,0,1.0,1.0
"s-u-f-f-i-c-i-e-n-t",6.282873442776639,1,0,1.0,1.0
"b-r-e-a-k",7.789301940627142,1,0,1.0,1.0
"e-v-e-r",3.357067688602233,1,0,1.0,1.0
"b-o-r-e",1.866316217400318,1,0,1.0,1.0
"c-o-m-m-i-s_s-s-i-o-n-s_pt",16.526939531419917,1,0,1.0,1.0
"s_2-s_7-s_2-s_pt",4.671079600114225,1,0,1.0,1.0
"p-e-t-e-r",2.194371836728285,1,0,1.0,1.0
"h-o-g-g-s_cm",2.4052039183262015,1,0,1.0,1.0
"s-i-r-s_cm",1.3534238673736159,2,0,0.5,1.0
"r-e-c-e-i-v-e-d",6.842922111732975,3,0,0.3333333333333333,1.0
"y-o-u-r-s",2.1959846609001716,1,0,1.0,1.0
"s_6th-s_pt",1,1,0,1.0,1.0
"o-c-t-o-s_mi",2.955620058264108,1,0,1.0,1.0
"b-e-r-s_cm",1,1,0,1.0,1.0
"i-n-c-l-o-s-i-n-g",5.614870755734854,1,0,1.0,1.0
"d-a-y-s_pt",2.3802660978321164,1,0,1.0,1.0
"f-e-r-g-u-s-o-n",10.119769201573657,1,0,1.0,1.0
"w-a-s",1.2786664155514207,3,7,0.3333333333333333,1.0
"s-e-n-t",2.597508059735496,5,4,0.2,1.0
"a-f-t-e-r",3.2964575805422687,2,1,0.5,1.0
"y-o-u-s_cm",1,1,0,1.0,1.0
"b-u-t",3.1200197812037915,2,5,0.5,1.0
"f-a-l-l-i-n-g",5.204781975136489,1,0,1.0,1.0
"i-l-l-s_cm",1,1,0,1.0,1.0
"s-o-r-e",1.7164970773434898,1,0,1.0,1.0
"a-r-m-s_cm",1.4265297616540291,1,0,1.0,1.0
"h-e-r-e-s_cm",2.970979561422255,4,0,0.25,1.0
"n-o-w",2.363925843464164,6,2,0.16666666666666666,1.0
"r-e-m-a-i-n-s",10.052441061433166,2,0,0.5,1.0
"u-n-f-i-t",3.048715033864087,1,0,1.0,1.0
"d-u-t-y-s_qo",2.0331398839486763,1,0,1.0,1.0
"t-h-e-r-e-f-o-r-e",6.675181622881109,1,0,1.0,1.0
"r-o-o-m-s_pt",7.7042205254088945,1,0,1.0,1.0
"c-l-o-t-h-i-n-g",9.786731122444344,3,0,0.3333333333333333,1.0
"c-o-m-p-l-e-t-e",6.707405976211944,3,0,0.3333333333333333,1.0
"c-o-m-p-a-s_mi",5.306427809773893,1,0,1.0,1.0
"n-y",1,1,0,1.0,1.0
"e-s-t-a-b-l-i-s-h-m-e-n-t-s_pt",19.389947353233325,1,0,1.0,1.0
"e-n-l-i-s-t-e-d",3.161095776666321,1,0,1.0,1.0
"t-h-r-e-e",3.727622591380781,1,0,1.0,1.0
"m-a-r-c-h-s_cm",8.007379515092204,1,0,1.0,1.0
"o-r-s_mi",1,1,1,1.0,0.5
"d-e-r-e-d",1.8918656244294811,1,0,1.0,1.0
"o-t-h-e-r-s-s_cm",2.9633376112119802,3,0,0.3333333333333333,1.0
"j-o-i-n",3.650359586269154,3,0,0.3333333333333333,1.0
"y-o-u-s_sq",2.4157384512691964,1,0,1.0,1.0
"b-e-i-n-g",3.3764228356017707,3,3,0.3333333333333333,1.0
"d-e-s-i-r-e-d",8.004524050476938,3,0,0.3333333333333333,1.0
"t-a-k-e",3.4602379786070765,4,0,0.25,1.0
"c-a-r-e",3.075710845998855,1,0,1.0,1.0
"c-o-m-p-a-n-y-s_sq",9.83868093499885,2,0,0.5,1.0
"a-l-l-o-w-e-d-s_pt",5.192681455312424,1,0,1.0,1.0
"u-s-e",1.2188879495849354,4,0,0.25,1.0
"e-n-d-e-a-v-o-u-r-s",10.872473559462827,1,0,1.0,1.0
"s-e-c-u-r-e",4.474452285351351,1,0,1.0,1.0
"p-r-o-v-i-s-i-o-n-s-s_cm",11.672743772886996,2,0,0.5,1.0
"m-o-s-t",8.043226440940662,3,0,0.3333333333333333,1.0
"n-e-e-d-f-u-l",6.758147445335568,1,0,1.0,1.0
"s_qo-s_mi",1,1,0,1.0,1.0
"i-m-p-o-s_s-s-i-s_mi",3.9494497715669628,1,0,1.0,1.0
"b-l-e",1,1,0,1.0,1.0
"d-i-r-e-c-t",4.243359674318096,1,1,1.0,1.0
"d-i-s-t-a-n-c-e-s_cm",5.707925086735621,1,0,1.0,1.0
"p-r-o-p-e-r-l-y-s_pt",7.705902512146382,1,0,1.0,1.0
"w-e",1.0951989107300821,2,9,0.5,1.0
"c-o-n-t-r-a-c-t-e-d",9.459024830079967,1,1,1.0,1.0
"l-a-r-g-e",2.4653583331760522,1,0,1.0,1.0
"q-u-a-n-t-i-t-y",7.942578568133666,3,0,0.6666666666666666,1.0
"b-e-e-f",4.274738457140754,1,0,1.0,1.0
"a-l-r-e-a-d-y-s_cm",7.027956782036817,1,0,1.0,1.0
"e-n-g-a-g-e",4.757283872419915,3,1,0.3333333333333333,1.0
"m-o-r-e",6.147709866015644,2,3,0.5,1.0
"t-h-a-n",3.759881291006951,3,3,0.3333333333333333,1.0
"s-u-f-f-i-c-e",8.398229185403437,1,0,1.0,1.0
"o-w-n",2.550103117645627,1,1,1.0,1.0
"c-o-m-p-a-n-y-s_pt",9.142798886940117,2,0,0.5,1.0
"s-h-a-l-l",4.454562743827302,3,5,0.3333333333333333,1.0
"l-o-d-g-e-d",6.3841086938818465,1,0,1.0,1.0
"m-r-s_pt",3.374166362797628,4,1,0.25,1.0
"d-i-c-k",4.503584251933526,2,0,0.5,1.0
"u-s-u-a-l",5.936904874377518,1,0,1.0,1.0
"s-t-o-p-p-a-g-e-s",10.350890915179452,1,0,1.0,1.0
"m-e-n-s",5.714863453275171,1,0,1.0,1.0
"w-h-i-l-e",3.6749079817792767,1,1,1.0,1.0
"h-o-s-p-i-t-a-l-s_cm",10.215791175222531,1,0,1.0,1.0
"a-n-s-w-e-r",8.069138078636445,1,0,1.0,1.0
"e-x-p-e-n-c-e",8.225188082226872,1,0,1.0,1.0
"n-u-r-s-e-s-s_cm",10.186833354804188,1,0,1.0,1.0
"v-e-r-y",1.6226132235948107,4,1,0.25,1.0
"c-a-r-e-f-u-l",7.553740745841233,2,1,0.5,1.0
"s-l-i-p",2.3117344660011194,1,0,1.0,1.0
"o-p-p-o-r-t-u-n-i-t-y",10.937063772720085,1,2,1.0,1.0
"p-u-r-c-h-a-s-i-n-g",13.945716096628962,2,0,0.5,1.0
"g-r-a-i-n",5.388837311413004,1,0,1.0,1.0
"d-e-p-e-n-d-a-n-c-e",15.31213215356604,1,0,1.0,1.0
"s_2-s_7-s_3-s_pt",1,1,0,1.0,1.0
"b-r-e-a-d-s_sq",6.859024719538697,1,0,1.0,1.0
"c-o-m-m-i-s_s-s-a-r-y",9.29566212965985,4,0,0.25,1.0
"h-a-v-i-n-g",5.871967455025498,2,2,0.5,1.0
"m-a-k-e",5.909302218934625,5,0,0.2,1.0
"p-r-o-v-i-s-i-o-n-s",9.843246443997062,1,0,1.0,1.0
"a-n-y",1.5923727006243953,8,5,0.125,1.0
"d-e-s-e-r-t",5.092345966743346,1,0,1.0,1.0
"d-i-e-s_cm",1.6893332006620037,2,0,0.5,1.0
"r-e-c-r-u-i-t",9.109408631139509,2,0,0.5,1.0
"k-e-e-p-i-n-g",6.210328796952074,1,0,1.0,1.0
"e-s-t-a-s_mi",4.253517118010852,1,0,1.0,1.0
"b-l-i-s-h-m-e-n-t-s_pt",11.070654313221395,1,0,1.0,1.0
"l-i-e-u-t-e-n-a-n-t",10.601888489582295,7,0,0.14285714285714285,1.0
"b-a-c-o-n",5.780476240791406,1,0,1.0,1.0
"m-a-r-y-l-a-n-d",12.204855801278345,1,1,1.0,1.0
"i-n-d-e-p-e-n-d-a-n-t",19.401387401476498,1,0,1.0,1.0
"t-h-o-s-e",3.1842141971118547,4,4,0.25,1.0
"s-t-o-c-k-a-d-e-s",8.268453572097174,1,0,1.0,1.0
"p-a-t-t-e-r-s-o-n-s",8.455213967527747,1,0,1.0,1.0
"c-r-e-e-k-s_cm",2.2887128690834477,1,0,1.0,1.0
"i-n-t-e-n-d-e-d",7.2680757280477994,1,1,1.0,1.0
"w-a-y",1,1,1,1.0,1.0
"c-o-v-e-r",1.5557354669021053,1,0,1.0,1.0
"r-a-n-g-e-r-s-s_cm",4.472730452514729,1,0,1.0,1.0
"r-e-c-e-p-t-a-c-l-e",11.092325892147182,1,0,1.0,1.0
"t-h-e-n",1.6034392426920099,1,0,1.0,1.0
"p-r-o-v-i-s-i-o-n-s-s_sq",10.151957360699601,1,1,1.0,1.0
"p-l-a-n",2.727075014812022,1,0,1.0,1.0
"w-o-r-k-s_cm",1.7204740255720221,1,0,1.0,1.0
"r-e-q-u-i-r-e-s",3.803002951516783,1,0,1.0,1.0
"m-u-c-h",2.2257658974967174,2,2,0.5,1.0
"e-x-e-c-u-t-e-s_pt",8.266458426049715,1,0,1.0,1.0
"n-e-i-t-h-e-r",7.151047564460457,1,1,1.0,1.0
"n-o-r",1.4397848881273134,1,0,1.0,1.0
"t-o-o-l-s-s_cm",3.75163443140684,1,0,1.0,1.0
"u-n-d-e-r-t-a-k-i-n-g",10.67056489911292,1,0,1.0,1.0
"v-i-g-o-u-r-s_pt",3.3259544301297383,1,0,1.0,1.0
"a-m",2.347686348483795,2,3,0.5,1.0
"s_2-s_9th-s_pt",1.459141482123835,6,0,0.3333333333333333,1.0
"a-d-a-m",5.492897458208692,1,0,1.0,1.0
"s-t-e-p-h-e-n-s_cm",6.173717287218408,1,0,1.0,1.0
"s-o-o-n",2.5293900888590075,7,0,0.14285714285714285,1.0
"w-a-g-g-o-n-s",7.397968061913667,2,0,0.5,1.0
"a-l-e-x-a-n-d-r-i-a",14.447751410522951,2,0,0.5,1.0
"c-u-m-b-e-r-l-a-n-d-s_cm",10.031846260522505,4,0,0.25,1.0
"c-o-m-p-l-e-t-e-l-y",10.92000947181502,1,0,1.0,1.0
"f-u-r-n-i-s-h-e-d",9.264862155826084,1,0,1.0,1.0
"b-o-t-h-s_sq",3.3608476592589094,2,0,0.5,1.0
"m-a-r-c-h",7.620898719019627,3,0,0.3333333333333333,1.0
"t-h-e-m",4.616025367337251,6,3,0.16666666666666666,1.0
"c-u-m-b-e-r-l-a-n-d-s_sq",10.669528970453118,1,0,1.0,1.0
"o-b-s-e-r-v-i-n-g",9.739520013279924,1,0,1.0,1.0
"u-p",1.6924691145011765,6,4,0.16666666666666666,1.0
"s-a-l-t",2.3245242264827977,1,0,1.0,1.0
"w-a-g-g-o-n-s-s_cm",8.452303149693792,1,0,1.0,1.0
"p-r-o-v-i-d-e-d",11.702776455377915,1,0,1.0,1.0
"c-o-m-m-i-s_s-s-a-r-y-s_cm",12.887957296910722,1,0,1.0,1.0
"c-a-r-r-y-s_pt",2.5797235473102886,1,0,1.0,1.0
"c-o-m-e",7.5810381370838975,1,0,1.0,1.0
"s-o-m-e",2.3163832110604363,4,3,0.25,1.0
"c-o-u-n-t-r-y",11.041768982545555,2,1,0.5,1.0
"w-a-g-s_mi",2.6293500123255633,1,0,1.0,1.0
"g-o-n-s-s_cm",2.7407365672676574,1,0,1.0,1.0
"a-l-s-o",1.1844065538273956,8,1,0.125,1.0
"l-o-a-d-e-d",5.802035429730972,1,0,1.0,1.0
"s-a-l-t-s_pt",2.290305462875251,1,1,1.0,1.0
"w-a-n-t-i-n-g",10.032418650335527,1,1,1.0,1.0
"p-u-r-p-o-s-e",7.024400063900869,1,0,1.0,1.0
"f-o-r-t-y",2.321538339486679,1,0,1.0,1.0
"c-o-a-t-s-s_cm",5.549287458152597,2,0,0.5,1.0
"t-h-i-r-t-y",3.4165691837552363,3,0,0.3333333333333333,1.0
"n-i-n-e",2.0316207274466382,2,0,0.5,1.0
"w-a-i-s-t-c-o-a-t-s-s_cm",14.290096573855296,2,0,0.5,1.0
"f-i-f-t-y",2.0420651026387127,1,1,1.0,1.0
"s-i-x",1.6506480545074873,2,0,0.5,1.0
"p-a-i-r",3.229196183989831,3,0,0.3333333333333333,1.0
"b-r-e-e-c-h-e-s-s_sq",8.665992870058046,1,0,1.0,1.0
"h-a-t-s",3.6100874189541896,1,0,1.0,1.0
"e-i-g-h-t-y",2.7332614671346733,1,0,1.0,1.0
"s-h-i-r-t-s-s_sq",6.520714380118692,1,0,1.0,1.0
"s_2-s_7-s_4-s_pt",4.908292560627973,1,0,1.0,1.0
"o-u-t",2.217763653023678,4,0,0.25,1.0
"c-o-m-p-a-n-i-e-s-s_cm",11.00730136836699,2,1,0.5,1.0
"a-c-c-o-r-d-i-n-g",7.342668278838097,1,0,1.0,1.0
"m-e",3.942789327455425,2,5,0.5,1.0
"c-u-m-s_mi",5.210582356720303,1,0,1.0,1.0
"b-e-r-l-a-n-d-s_cm",6.926377953939123,1,0,1.0,1.0
"s-u-i-t-s",3.5446639013105807,1,0,1.0,1.0
"n-e-c-e-s_s-s-a-r-y-s_cm",5.676986598208386,1,0,1.0,1.0
"c-a-s-e",1.195569807874858,1,0,1.0,1.0
"g-e-t-t-i-n-g",2.1564763864049787,1,0,1.0,1.0
"l-o-d-g-i-n-g",3.7529332117588217,1,0,1.0,1.0
"b-a-r-r-a-c-k-s",6.421757453224179,1,0,1.0,1.0
"f-u-l-l-s_pt",3.6996595338714826,1,0,1.0,1.0
"w-i-l-s_mi",2.194238819620466,1,0,1.0,1.0
"p-e-r",1.3814526309711805,3,0,0.3333333333333333,1.0
"w-a-i-t-i-n-g",4.874988908272928,1,0,1.0,1.0
"f-o-r-t-s_cm",2.160815446704746,1,0,1.0,1.0
"n-e-c-e-s_s-s-a-r-i-e-s",7.809981742076436,2,1,0.5,1.0
"a-r-r-i-v-e-s_cm",4.256785014952886,2,0,0.5,1.0
"r-e-c-e-i-v-e-s",8.424816302802752,1,0,1.0,1.0
"s-u-c-h",4.493551009115126,4,2,0.5,0.6666666666666666
"t-h-i-n-g-s",4.154997033002905,1,1,1.0,1.0
"f-o-r-s_cm",1,1,0,1.0,1.0
"d-i-s-p-a-t-c-h",6.90194809277095,2,0,0.5,1.0
"h-i-m",3.7852358490699594,4,1,0.25,1.0
"i-m-m-e-d-i-a-t-e-l-y-s_pt",12.245377355734565,1,0,1.0,1.0
"o-t-h-e-r",5.013419944831805,2,3,0.5,1.0
"h-o-r-s-e-s-s_cm",3.3179860962537173,1,0,1.0,1.0
"b-e-l-o-n-g-s_mi",1.6598757500089785,1,0,1.0,1.0
"i-n-g",1,1,1,1.0,1.0
"c-o-u-n-t-r-y-s_cm",6.400470027154545,2,0,0.5,1.0
"h-a-d",3.653919024287971,1,5,1.0,1.0
"t-e-a-m-s",5.724711774518342,1,0,1.0,1.0
"s-t-o-p-p-e-d-s_cm",5.0574573309234925,1,0,1.0,1.0
"h-o-r-s-e-s",3.2152792488533777,1,0,1.0,1.0
"g-i-v-e-n",3.0391279793951136,5,1,0.2,1.0
"h-e-r-d-s-m-e-n",10.3857965293198,1,0,1.0,1.0
"r-e-m-a-i-n",7.5529215361504,1,0,1.0,1.0
"c-a-t-t-l-e-s_cm",3.990546056270971,1,0,1.0,1.0
"h-e-a-r",3.3529538049052476,1,1,1.0,1.0
"c-o-m-s_mi",2.5711829816697875,2,0,0.5,1.0
"m-i-s_s-s-a-r-y",6.107990949536658,1,0,1.0,1.0
"c-o-o-p-e-r-s",7.2454848978747,2,0,0.5,1.0
"b-a-r-r-e-l-s",5.844361505740923,1,0,1.0,1.0
"p-a-c-k-i-n-g",6.494562026633962,1,0,1.0,1.0
"b-e-e-f-s_sq",2.435949537961604,1,0,1.0,1.0
"s-o-l-d-i-e-r-s",5.265669438906327,1,0,1.0,1.0
"c-o-o-p-e-r-s-s_cm",9.04203305253692,1,0,1.0,1.0
"s-e-t",1.8652543918331688,1,0,1.0,1.0
"i-m-s_mi",1.8197372564961434,1,1,1.0,1.0
"m-e-d-i-a-t-e-l-y",8.61487972840229,1,0,1.0,1.0
"w-o-r-k-s_pt",3.9588310879384405,1,0,1.0,1.0
"s-t-o-r-e-s",3.5086288888489268,1,0,1.0,1.0
"h-e-r-e",2.842551881738635,3,2,0.3333333333333333,1.0
"p-o-u-n-d-s",8.627683979491007,1,0,1.0,1.0
"g-o-o-s-e",2.546721370707363,1,0,1.0,1.0
"d-e-l-i-v-e-r",9.158589710039454,4,0,0.25,1.0
"a-s-h-b-y-s_qt-s",4.30215415840941,1,0,1.0,1.0
"p-a-s_s-s",2.886645132738555,1,1,1.0,1.0
"b-y-s_cm",1,1,0,1.0,1.0
"d-i-r-e-c-t-i-n-g",7.394498707451941,1,0,1.0,1.0
"p-a-r-t-i-c-u-l-a-r-l-y",13.716994222169436,1,1,1.0,1.0
"c-a-r-e-s_mi",2.5265427286249746,1,0,1.0,1.0
"f-u-l",1,1,0,1.0,1.0
"e-i-t-h-e-r",5.296201659240748,1,0,1.0,1.0
"c-a-p-t-a-i-n-s",7.162343435824445,1,0,1.0,1.0
"r-a-n-g-e-r-s",6.1089739983210025,1,0,1.0,1.0
"a-p-p-l-y",3.572396925755761,2,0,0.5,1.0
"a-m-m-u-s_mi",4.8931985543152585,1,0,1.0,1.0
"n-i-t-i-o-n-s_cm",5.388654012239969,1,0,1.0,1.0
"s-u-p-p-l-y",6.502362436503519,1,0,1.0,1.0
"f-o-r-t-s_pt",3.7115921838613906,1,0,1.0,1.0
"d-r-u-m-s_cm",3.3879074265573443,1,0,1.0,1.0
"w-i-l-p-e-r-s_cm",4.871382976098786,3,0,0.3333333333333333,1.0
"r-o-o-m",4.44184070860151,1,0,1.0,1.0
"d-u-n-c-a-n",8.077158550614392,1,0,1.0,1.0
"f-e-r-g-u-s-o-n-s_cm",8.192494741503472,1,0,1.0,1.0
"s_2-s_7-s_5-s_pt",1,1,0,1.0,1.0
"c-u-m-b-e-r-l-a-n-d-s_pt",14.84477318145975,2,0,0.5,1.0
"r-e-g-i-m-e-n-t",7.8164208832259785,1,1,1.0,1.0
"e-x-e-r-s_mi",1.3490728926967805,1,0,1.0,1.0
"c-i-s-e-d",2.3806565077742077,1,0,1.0,1.0
"o-f-t-e-n",2.747507239474396,1,1,1.0,1.0
"e-v-e-r-y",1.5458230491799356,3,1,0.3333333333333333,1.0
"d-a-y",1.4492300084897365,4,1,0.25,1.0
"d-u-t-y",2.4953283932690566,1,0,1.0,1.0
"a-d-m-i-t-s_sq",6.245455953717142,1,0,1.0,1.0
"p-r-a-c-t-i-s-e-d",11.597953211280101,1,0,1.0,1.0
"s-h-o-o-t-i-n-g",8.599896738726963,1,0,1.0,1.0
"t-a-r-s_mi",1,1,0,1.0,1.0
"g-e-t-s-s_sq",1,1,0,1.0,1.0
"r-e-m-a-r-k-a-b-l-y",14.993461872905806,1,0,1.0,1.0
"a-w-k-w-a-r-d-s_cm",7.031989833581186,1,0,1.0,1.0
"p-a-r-t-i-c-u-l-a-r",9.453294558166466,3,1,0.3333333333333333,1.0
"p-a-i-n-s",4.224134126267119,1,0,1.0,1.0
"t-a-k-e-n",4.304046081256445,1,0,1.0,1.0
"t-h-e-m-s_pt",1.8838289758408364,1,1,1.0,1.0
"o-b-s-e-r-v-e",7.097630604765522,1,0,1.0,1.0
"d-i-s-c-i-p-l-i-n-e-s_cm",11.355324277203149,1,0,1.0,1.0
"i-r-r-e-g-u-s_mi",4.637738837585529,1,0,1.0,1.0
"l-a-r-i-t-i-e-s",5.802035429730972,1,0,1.0,1.0
"h-a-p-p-e-n-s_sq",6.698324694452938,1,0,1.0,1.0
"p-i-l-l-a-g-e",8.487065168086255,2,0,0.5,1.0
"c-o-m-p-l-a-i-n-e-d",13.087308055543529,1,0,1.0,1.0
"l-a-s-t",2.411463250982397,1,0,1.0,1.0
"d-e-t-a-c-h-m-e-n-t-s_pt",17.41561677874983,1,0,1.0,1.0
"m-a-j-o-r",5.607979670719127,2,1,0.5,1.0
"l-e-w-i-s",5.1966065941160995,2,0,0.5,1.0
"i-n-s_mi",2.2885266881503985,1,0,1.0,1.0
"s-t-r-u-c-t-i-o-n-s",11.444909860739784,1,0,1.0,1.0
"l-e-f-t",1.4264905842165987,2,2,0.5,1.0
"h-i-m-s_cm",2.9782991702700055,4,0,0.25,1.0
"o-b-s-e-r-v-e-d-s_pt",14.10480730987111,1,0,1.0,1.0
"u-n-d-e-r",3.7642577955220027,4,0,0.25,1.0
"m-y",1,1,1,1.0,1.0
"h-a-n-d",6.917091508603512,2,0,0.5,1.0
"a-r-e-s_cm",1,1,0,1.0,1.0
"d-i-r-e-c-t-i-o-n-s",8.89558296691808,1,0,1.0,1.0
"n-e-c-e-s_s-s-a-r-y",7.785585640098795,3,0,0.3333333333333333,1.0
"d-r-i-v-i-n-g",4.603029274938294,1,0,1.0,1.0
"c-a-t-t-l-e",4.145747434219165,2,0,0.5,1.0
"d-o-c-t-o-r",5.669352065345963,1,0,1.0,1.0
"w-a-l-k-e-r-s_cm",5.992275491368244,1,0,1.0,1.0
"t-h-e-r-e-s_cm",3.472583083077181,1,1,1.0,1.0
"k-i-l-l-e-d",5.463111435126273,1,0,1.0,1.0
"p-r-o-p-e-r-l-y",6.840519343171227,1,0,1.0,1.0
"s-a-l-t-e-d-s_pt",5.578735386735032,1,0,1.0,1.0
"w-h-i-c-h-e-v-e-r",9.57386886119823,1,0,1.0,1.0
"p-u-r-c-h-a-s-e",9.461891329758608,1,0,1.0,1.0
"p-o-r-k",2.1946984776915963,1,0,1.0,1.0
"i-m-a-g-i-n-e",5.946536633508896,1,0,1.0,1.0
"t-r-o-o-p-s-s_cm",5.13419790343218,2,0,0.5,1.0
"r-e-a-s-o-n-a-b-l-e",7.6762073529028445,1,0,1.0,1.0
"c-a-n-s_sq",3.6917680131260813,1,0,1.0,1.0
"o-b-l-i-g-e",2.093118595867611,1,0,1.0,1.0
"w-h-a-t-e-v-e-r",9.55634979347187,2,0,0.5,1.0
"j-u-d-g-e",2.4670044547284555,1,0,1.0,1.0
"p-r-o-p-e-r-s_pt",5.0236507604396845,1,0,1.0,1.0
"a-n-s-w-e-r-s_cm",6.587401479187525,1,0,1.0,1.0
"h-a-n-d-s-s_cm",7.988135050542705,2,0,0.5,1.0
"d-r-a-u-g-h-t-s",5.748261532712323,1,0,1.0,1.0
"h-o-g-g",2.0797277147523014,1,0,1.0,1.0
"m-a-y",4.046135744218638,2,3,0.5,1.0
"d-r-a-w",4.245130530215504,1,0,1.0,1.0
"s-u-b-s-i-s-t-a-n-c-e",8.774856436569944,1,0,1.0,1.0
"t-i-m-e-s_pt",3.4113596837878353,2,0,0.5,1.0
"e-n-g-a-g-e-d",8.813372873288598,1,0,1.0,1.0
"b-e-r-r-e-l-s",6.850624865623648,1,0,1.0,1.0
"s_2-s_7-s_6-s_pt",4.962162167154481,1,0,1.0,1.0
"l-e-t-t-e-r-s",3.563732706275032,1,6,1.0,1.0
"e-x-p-e-d-i-t-i-o-n-s_cm",10.123962442841743,1,0,1.0,1.0
"k-n-o-w",3.622815860612933,1,2,1.0,1.0
"w-a-n-t-e-d",4.836312911371144,1,1,1.0,1.0
"s-e-v-e-r-a-l",4.320281562257729,1,0,1.0,1.0
"c-o-n-t-r-a-c-t-s",8.017379899931724,1,0,1.0,1.0
"n-e-x-t",2.057450240437174,2,0,0.5,1.0
"m-o-n-t-h-s_cm",6.3989548625041355,2,0,0.5,1.0
"d-e-s-i-r-e",3.1973627575307315,1,1,1.0,1.0
"u-p-s_mi",1,1,0,1.0,1.0
"a-c-c-o-u-n-t-s_cm",5.299704993426549,1,0,1.0,1.0
"i-m-m-e-d-i-a-t-e",8.831430986512935,1,0,1.0,1.0
"p-a-y-m-e-n-t-s_pt",8.235329894128812,1,0,1.0,1.0
"w-i-n-c-h-e-s-t-e-r",9.740988886618645,2,0,0.5,1.0
"s_1-s_7-s_5-s_5",2.355795281732011,1,0,1.0,1.0
"w-i-l-l-i-a-m-s-b-u-r-g-h-s_pt",12.040665096307904,1,0,1.0,1.0
"d-r-u-m-m-e-r",10.142514039029631,1,0,1.0,1.0
"p-e-a-c-h-y",3.734102704255724,1,0,1.0,1.0
"c-o-m-m-a-n-d",13.252689157969227,2,2,0.5,1.0
"r-e-c-r-u-i-t-s",7.362951441660812,3,2,0.3333333333333333,1.0
"a-r-r-i-v-e-d",7.208404195603023,2,0,0.5,1.0
"h-a-l-l",3.664204106247823,1,0,1.0,1.0
"p-r-i-c-e-s_sq",2.0514531272081857,1,0,1.0,1.0
"a-c-t",1.723844393098453,1,2,1.0,1.0
"f-u-r-t-h-e-r",5.56810028993725,2,0,0.5,1.0
"o-r-d-e-r-s-s_mi",5.692105361325459,2,0,0.5,1.0
"h-e-d-g-e-m-a-n-s_cm",9.564411744126664,1,0,1.0,1.0
"k-i-n-g-s_cm",1.9058893698222055,1,0,1.0,1.0
"e-u-s-t-a-c-e-s_cm",7.925969957225309,1,0,1.0,1.0
"s_bl-a-s",1,1,0,1.0,1.0
"c-u-m-b-e-r-l-a-n-d-s_br",10.815643058657018,1,0,1.0,1.0
"w-a-g-g-e-n-e-r",8.265918434447672,1,0,1.0,1.0
"c-o-m-m-a-n-d-s",11.168225914952822,1,0,1.0,1.0
"p-r-e-s-e-n-t-s_sq",4.840751406965425,1,0,1.0,1.0
"p-a-r-t-y",2.3475352888928125,1,0,1.0,1.0
"s-h-a-w-s_cm",3.2330408788190725,1,0,1.0,1.0
"r-e-s_mi",1,1,0,1.0,1.0
"t-u-r-n",3.2086674602776997,1,0,1.0,1.0
"r-e-s-p-e-c-t-i-v-e",7.142078480862436,1,0,1.0,1.0
"r-e-a-c-h",2.8829091353444487,1,0,1.0,1.0
"m-a-g-a-z-i-n-e",8.569364551985535,1,0,1.0,1.0
"s-e-c-u-r-e-d-s_cm",3.1659352665664446,1,0,1.0,1.0
"f-a-s-t-e-n-i-n-g",7.694315022174692,1,0,1.0,1.0
"w-i-n-d-o-w-s",6.79579400523494,1,0,1.0,1.0
"b-e-t-t-e-r",4.099031488555059,1,1,1.0,1.0
"a-r-e-s_pt",1.5457811192864006,1,0,1.0,1.0
"c-l-o-s_mi",2.30876866210807,1,0,1.0,1.0
"s_2-s_7-s_7-s_pt",2.422118361562145,1,0,1.0,1.0
"t-h-e-d",1,1,0,1.0,1.0
"m-o-r-r-o-w-s_cm",2.7506903712709847,1,0,1.0,1.0
"a-c-c-o-u-n-t-s",6.961787503756895,1,0,1.0,1.0
"r-e-c-e-i-v-e-s_pt",4.618400189612705,1,0,1.0,1.0
"r-e-c-r-u-i-t-s-s_pt",6.036154671481984,1,0,1.0,1.0
"m-a-n",3.60118125367994,2,0,0.5,1.0
"d-i-s-t-i-n-g-u-i-s-h-e-s",8.514851731247903,1,0,1.0,1.0
"f-i-r-e-l-o-c-k",5.228186044688629,1,0,1.0,1.0
"m-a-r-k-s_cm",2.658212489136775,1,0,1.0,1.0
"s-u-b-s_mi",2.463896934461265,1,0,1.0,1.0
"a-l-t-e-r-n-s",3.564434375229105,1,0,1.0,1.0
"e-n-t-e-r",2.954304903525697,2,0,0.5,1.0
"b-o-o-k-s_cm",2.4561953327234884,1,0,1.0,1.0
"k-e-e-p",1,1,0,1.0,1.0
"p-u-r-p-o-s-e-s_pt",6.262135712113343,1,0,1.0,1.0
"o-r-d-e-r-l-y",4.562653911273394,1,0,1.0,1.0
"b-o-o-k",4.212724492675212,1,0,1.0,1.0
"i-s_s-s-u-e",2.2150979425360773,1,0,1.0,1.0
"r-e-g-u-l-a-r-l-y-s_cm",6.726490735210139,1,0,1.0,1.0
"e-x-a-m-i-n-e",7.464661967356408,1,0,1.0,1.0
"o-f-t-e-n-s_cm",2.3161389341634058,1,0,1.0,1.0
"d-u-l-y",2.6722966019887906,1,0,1.0,1.0
"b-r-o-n-a-u-g-h-s_cm",6.775991997435833,1,0,1.0,1.0
"s-t-e-w-a-r-t-s_cm",7.114373597458988,1,0,1.0,1.0
"b-l-e-g-g",2.3306066612005343,1,0,1.0,1.0
"w-i-l-l-i-a-m-s-s_cm",5.679158769062531,1,0,1.0,1.0
"r-e-c-r-u-i-t-i-n-g-s_cm",8.954279148606787,1,0,1.0,1.0
"r-e-n-d-e-z-v-o-u-s",11.157244349105065,3,0,0.3333333333333333,1.0
"a-l-e-x-a-n-d-r-i-s_mi",11.485081640708474,1,0,1.0,1.0
"a-s_cm",1,1,0,1.0,1.0
"s_1st",1,1,0,1.0,1.0
"s_3-s_1st-s_pt",1,1,0,1.0,1.0
"r-o-b-e-r-t",8.162800042237482,1,1,1.0,1.0
"s-p-o-t-s-w-o-o-d-s_cm",8.493894840163765,1,0,1.0,1.0
"f-u-r-n-i-s-h",4.585791854903085,1,0,1.0,1.0
"f-r-e-d-e-r-i-c-k-s-b-u-r-g-h-s_cm",15.833517730131195,1,0,1.0,1.0
"u-t-m-o-s-t",9.191813031924044,1,0,1.0,1.0
"r-e-i-n-f-o-r-c-e",8.635657956108915,1,0,1.0,1.0
"g-a-r-r-i-s-o-n-s_pt",8.884838156172847,1,0,1.0,1.0
"c-a-r-s_mi",1,1,0,1.0,1.0
"t-r-i-d-g-e-s-s_pt",4.191086693346653,1,0,1.0,1.0
"c-i-r-c-u-m-s_mi",4.5366972954577784,1,0,1.0,1.0
"s-p-e-c-t",2.59983337333367,1,0,1.0,1.0
"m-a-r-c-h-s_sq",5.9328804033480695,1,1,1.0,1.0
"w-h-a-t-s-o-e-v-e-r-s_cm",12.984160123865232,1,0,1.0,1.0
"p-l-u-n-d-e-r",8.357902555174924,1,0,1.0,1.0
"h-o-u-s-e-s",5.861006178078337,1,0,1.0,1.0
"p-e-o-p-l-e",4.126874391944123,1,1,1.0,1.0
"d-e-s-e-r-t-e-d-s_cm",3.7248641768221944,1,0,1.0,1.0
"p-l-a-n-t-a-t-i-o-n-s-s_pt",12.895337389457238,1,0,1.0,1.0
"f-r-a-s_mi",1.9428894426248164,1,0,1.0,1.0
"z-i-e-r",1.0093028999270963,1,0,1.0,1.0
"c-a-r-t-e-r-s_cm",4.251995873241706,1,0,1.0,1.0
"a-p-p-o-i-n-t-e-d",9.190762806745997,1,3,1.0,1.0
"m-a-n-d",12.340541241357792,1,0,1.0,1.0
"s_2-s_7-s_8-s_pt",5.18487035915006,1,0,1.0,1.0
"j-o-h-n",4.561013243580483,1,3,1.0,1.0
"m-e-r-c-e-r",5.259355518744628,1,1,1.0,1.0
"r-e-n-s_mi",2.104707000893279,1,0,1.0,1.0
"d-e-z-v-o-u-s",7.2729841926522205,1,0,1.0,1.0
"f-i-r-s-t",2.4304643303325806,1,0,1.0,1.0
"d-e-c-e-m-b-e-r-s_cm",14.852274975449,2,0,0.5,1.0
"r-a-i-s-e",4.2142476300774305,1,0,1.0,1.0
"f-r-e-d-e-r-i-c-k-s-b-u-r-g-s_cm",18.585360459576773,1,0,1.0,1.0
"n-o-v-e-m-b-e-r",18.42770093575992,2,0,0.5,1.0
"n-s_pt-b-s_pt",3.4341637768741564,2,0,0.5,1.0
"j-o-s-h-u-a",9.200240044668819,1,0,1.0,1.0
"a-l-e-x-s_mi",2.5227752908421963,1,0,1.0,1.0
"a-n-d-r-i-a-s_pt",11.34224861340595,1,0,1.0,1.0
"b-o-y-d-s_cm",3.8713829760987863,1,0,1.0,1.0
"p-a-y-m-a-s-t-e-r-s_pt",7.66924566069542,1,0,1.0,1.0
"s-t-e-p-h-e-n",5.52200546279669,2,0,0.5,1.0
"b-r-o-u-g-h-t",5.922071596608375,1,0,1.0,1.0
"s_lb-s_1-s_0-s_0-s_0",2.4775832581549277,1,0,1.0,1.0
"w-r-o-t-e",3.415497260957271,1,0,1.0,1.0
"o-f-f",1.4504003231225207,3,0,0.3333333333333333,1.0
"s-a-v-e",1.7424938576262008,1,0,1.0,1.0
"j-o-u-r-n-e-y",6.930692495889031,1,0,1.0,1.0
"w-i-l-l-i-a-m-s-s_mi",12.62347817442828,1,0,1.0,1.0
"b-u-r-g",1,1,0,1.0,1.0
"t-i-m-e-s_qo",3.3070179494598486,1,0,1.0,1.0
"t-h-i-n-k",2.7852358490699594,1,2,1.0,1.0
"a-b-s-o-l-u-t-e-l-y",7.562667580821543,1,0,1.0,1.0
"s-h-o-u-l-d-s_cm",5.3515591247387215,1,0,1.0,1.0
"p-a-y-i-n-g",4.709411518035782,1,0,1.0,1.0
"t-r-o-o-p-s",4.134385437591491,1,0,1.0,1.0
"g-a-r-r-i-s-o-n-s_cm",6.383582188959166,1,0,1.0,1.0
"i-n-t-o",1.9792550497380743,1,2,1.0,1.0
"a-u-g-u-s-t-a-s_cm",7.662117760311178,1,0,1.0,1.0
"c-o-m-p-l-e-t-e-s_sq",7.518001311829952,1,0,1.0,1.0
"m-c-s_pt",1.967240921424671,1,0,1.0,1.0
"c-l-e-n-a-c-h-a-n-s_cm",9.386698689361765,1,0,1.0,1.0
"s-a-f-e",1,1,0,1.0,1.0
"h-e-n-c-e-s_pt",7.263963350344389,1,0,1.0,1.0
"p-a-i-d",3.305214546310084,3,0,0.3333333333333333,1.0
"o-c-s_mi",1,1,0,1.0,1.0
"t-o-b-e-r",2.1200197812037915,1,0,1.0,1.0
"d-i-s-t-i-n-c-s_mi",7.324236972496516,1,0,1.0,1.0
"t-i-o-n",2.148278813108605,1,1,1.0,1.0
"b-e-t-w-e-e-n",10.517994484532833,1,1,1.0,1.0
"s-e-r-g-e-a-n-t-s-s_cm",6.612467535563214,1,0,1.0,1.0
"n-o-n-e",3.1179257400973475,1,3,1.0,1.0
"y-e-t",1,1,3,1.0,1.0
"b-e-e-n",3.5456103784244215,1,0,1.0,1.0
"r-e-g-u-l-a-r-l-y",6.443541816645223,1,0,1.0,1.0
"a-p-p-o-i-n-t-e-d-s_pt",11.013397479306157,1,0,1.0,1.0
"a-c-s_mi",1,1,2,1.0,1.0
"c-o-u-n-t",4.706251467910588,1,0,1.0,1.0
"p-a-i-d-s_cm",4.503547376645772,1,0,1.0,1.0
"h-o-w",1.7142610223714665,1,3,1.0,1.0
"s-e-r-g-e-a-n-t-s",7.245947320148744,1,0,1.0,1.0
"p-a-y-s_cm",2.7928328449250404,1,1,1.0,1.0
"d-e-d-u-c-t-e-d",11.465998066271714,1,0,1.0,1.0
"p-a-y-m-e-n-t-s_qo",14.13552020272585,1,0,1.0,1.0
"s_1-s_7-s_5-s_5-s_pt-s_2-s_7-s_9-s_pt",6.0594223359465404,1,0,1.0,1.0
"p-e-n-c-e",7.755964507485868,2,0,0.5,1.0
"n-o-n",2.409780197111481,1,0,1.0,1.0
"c-o-m-m-i-s_s-s-i-o-n-e-d",13.93645902006283,2,0,0.5,1.0
"s-o-l-d-i-e-r",6.513955146617691,2,0,0.5,1.0
"m-e-d-i-c-i-n-e-s-s_sq",11.52708144028266,1,0,1.0,1.0
"s-u-r-g-e-o-n",4.603877326644994,1,0,1.0,1.0
"q-u-a-r-t-e-r-l-y-s_pt",7.933218694997061,1,0,1.0,1.0
"m-o-n-t-h",6.189928872711311,1,0,1.0,1.0
"s-t-o-p-p-e-d",6.451599871634801,1,0,1.0,1.0
"d-r-u-m-s_mi",3.8073801643886442,1,0,1.0,1.0
"m-e-r-s-s_cm",1.7267084704274147,1,0,1.0,1.0
"d-r-u-m",3.550429379467939,1,0,1.0,1.0
"t-e-a-c-h-i-n-g",4.578103038986877,1,0,1.0,1.0
"r-e-p-a-i-r-i-n-g",5.841177594199946,1,0,1.0,1.0
"d-r-u-m-s-s_pt",5.483779834634288,1,0,1.0,1.0
"t-h-e-s-e",4.643718676051813,1,3,1.0,1.0
"d-e-d-u-c-t-i-o-n-s",8.669772365494552,1,0,1.0,1.0
"d-a-y-s_sq",1,1,0,1.0,1.0
"c-o-u-n-s_mi",2.9566664306444688,1,0,1.0,1.0
"t-e-r-m-a-n-d-e-d",7.65659570808522,1,0,1.0,1.0
"g-o-v-e-r-n-o-r",6.105458342227652,1,1,1.0,1.0
"m-y-s-e-l-f-s_pt",4.673269949858142,1,0,1.0,1.0
"n-o-n-s_mi",1,1,0,1.0,0.3333333333333333
"h-a-p-p-e-n",4.1078468271635025,1,0,1.0,1.0
"c-o-n-t-i-n-u-e-d",9.021915481569579,1,0,1.0,1.0
"r-o-l-l",3.3710201380602527,1,0,1.0,1.0
"e-f-s_mi",1,1,0,1.0,1.0
"f-e-c-t-i-v-e",4.192167815200554,1,0,1.0,1.0
"d-a-y-s-s_cm",2.016895701334945,1,0,1.0,1.0
"c-o-f-f-i-n-s_cm",3.909103606332005,1,0,1.0,1.0
"j-o-n-e-s-s_cm",1,1,0,1.0,1.0
"g-e-o-r-g-e",2.1446874591992,1,0,1.0,1.0
"c-o-n-w-a-y-s_pt",6.296395078918853,1,0,1.0,1.0
"s_bl-t-a-k-i-n-g",4.344310583016321,1,0,1.0,1.0
"r-e-c-e-i-p-t",2.8087930784018855,1,0,1.0,1.0
"s-a-m-e-s_br",1,1,0,1.0,1.0
"r-e-g-i-m-e-n-t-a-l",8.933412491159519,1,0,1.0,1.0
"b-r-e-e-c-h-e-s-s_cm",5.445180618718483,1,0,1.0,1.0
"h-a-t-s-s_cm",1.8739917446714163,1,0,1.0,1.0
"e-l-e-v-e-n",5.631525419344423,1,0,1.0,1.0
"s-h-i-r-t-s-s_cm",3.6234989332780208,1,0,1.0,1.0
"m-a-n-y",1.3209946140236997,1,2,1.0,1.0
"s-t-o-c-k-i-n-g-s-s_cm",5.763097743969242,1,0,1.0,1.0
"s-a-m-e",2.398293165570478,1,0,1.0,1.0
"s-h-o-e-s-s_pt",3.6714482510517836,1,0,1.0,1.0
"s-a-i-d",5.769285758509591,2,1,0.5,1.0
"m-u-s-q-u-e-t-s-s_sq",6.129918721753135,1,0,1.0,1.0
"b-a-y-o-n-e-t-s-s_cm",6.357210507374722,1,0,1.0,1.0
"c-a-r-t-o-u-c-h-s_mi",10.794967085824098,1,0,1.0,1.0
"b-o-x-s_qt-s-s_cm",3.6358446619834197,1,0,1.0,1.0
"s-t-o-r-e-s_pt",1.9056849148971904,1,0,1.0,1.0
"b-a-y-o-n-e-t-s",8.67680401366633,1,0,1.0,1.0
"l-o-o-s-e",1.8490011141784226,1,0,1.0,1.0
"o-n-e-s",1.4876597294720022,1,0,1.0,1.0
"s-t-o-r-e-s_qo",1.5914948611171185,1,0,1.0,1.0
"l-i-v-e-r",2.3593303488459694,1,0,1.0,1.0
"b-l-a-n-k-e-t-s-s_pt",9.127360028012768,1,0,1.0,1.0
"o-c-t-o-s_pt",1,1,0,1.0,1.0
"s_3-s_0th-s_pt",1,1,0,1.0,1.0
"d-a-v-i-d",7.653621180120876,1,0,1.0,1.0
"s_3-s_0-s_0-s_pt",0,0,1,0,0
"d-e-c-e-m-b-e-r",0,0,6,0,0
"o-f-f-e-r-s-s_pt",0,0,1,0,0
"e-x-s_mi",0,0,3,0,0
"p-a-y-m-e-n-t-s-s_qo",0,0,1,0,0
"s-e-e-s_mi",0,0,1,0,0
"d-i-s-a-g-r-e-e-m-e-n-t",0,0,1,0,0
"r-e-t-u-r-n-s-s_cm",0,0,1,0,0
"p-a-y-s_mi-r-o-l-l-s-s_sq",0,0,1,0,0
"s-t-r-i-c-t",0,0,1,0,0
"e-x-a-m-i-n-a-t-i-o-n",0,0,1,0,0
"h-e-r-e-a-f-s_mi",0,0,1,0,0
"t-e-r-s_pt",0,0,1,0,0
"a-l-e-x-a-n-d-r-i-a-s_qo",0,0,2,0,0
"s_3-s_cm",0,0,1,0,0
"s_5th-s_pt",0,0,3,0,0
"h-o-n-o-u-r-a-b-l-e",0,0,1,0,0
"d-i-n-w-i-d-d-i-e-s_cm",0,0,1,0,0
"e-s-q-u-i-r-e-s_sq",0,0,1,0,0
"g-o-v-e-r-n-o-r-s_pt",0,0,1,0,0
"b-e-a-r-e-r-s_cm",0,0,2,0,0
"c-a-p-s_mi",0,0,1,0,0
"t-a-i-n",0,0,1,0,0
"s_bl-w-h-o",0,0,1,0,0
"a-c-c-o-m-p-t-s",0,0,1,0,0
"s-e-t-t-l-e",0,0,2,0,0
"c-o-m-m-i-t-t-e-e",0,0,1,0,0
"t-r-e-a-s-u-s_mi",0,0,1,0,0
"r-e-r",0,0,1,0,0
"b-a-l-a-n-c-e",0,0,2,0,0
"p-o-u-n-d-s-s_sq",0,0,1,0,0
"a-q-u-a-i-n-t",0,0,1,0,0
"h-o-n-o-u-r-s_cm",0,0,1,0,0
"m-e-e-t-i-n-g",0,0,2,0,0
"f-r-e-d-e-r-i-c-k-s-s_mi",0,0,2,0,0
"b-u-r-g-h-s_cm",0,0,2,0,0
"r-e-t-u-r-n-e-d",0,0,1,0,0
"w-i-l-l-i-a-m-s-b-u-r-g-h-s_cm",0,0,1,0,0
"i-n-f-o-r-m-i-n-g",0,0,2,0,0
"p-e-a-c-e-a-b-l-e",0,0,1,0,0
"a-b-o-v-e-s_cm",0,0,2,0,0
"n-o-t-h-i-n-g",0,0,3,0,0
"i-m-m-e-s_mi",0,0,1,0,0
"d-i-a-t-e-l-y",0,0,1,0,0
"g-o-t",0,0,2,0,0
"c-o-u-l-d",0,0,2,0,0
"p-l-a-c-e-s_cm",0,0,2,0,0
"h-a-s-t-e-n-e-d",0,0,1,0,0
"m-o-r-e-s_sq",0,0,1,0,0
"w-e-r-e",0,0,4,0,0
"e-x-p-e-c-t-e-d",0,0,2,0,0
"i-n-s_sq",0,0,1,0,0
"a-r-s_mi",0,0,1,0,0
"r-i-v-a-l",0,0,1,0,0
"v-e-s_s-s-e-l",0,0,3,0,0
"j-a-m-e-s",0,0,1,0,0
"r-i-v-e-r-s_cm",0,0,1,0,0
"f-o-r-w-a-r-d",0,0,1,0,0
"g-r-e-a-t-e-r",0,0,1,0,0
"d-i-s-p-a-t-c-h-s_pt",0,0,2,0,0
"a-r-r-i-v-e-d-s_pt",0,0,1,0,0
"i-m-p-a-t-i-e-n-t-l-y",0,0,1,0,0
"r-e-s-u-l-t",0,0,1,0,0
"h-o-n-o-u-r-s",0,0,1,0,0
"l-e-t-t-e-r",0,0,1,0,0
"g-e-n-e-r-a-l",0,0,3,0,0
"s-h-i-r-l-e-y-s_sq",0,0,1,0,0
"l-a-y-s",0,0,1,0,0
"p-r-o-v-e",0,0,1,0,0
"o-m-i-n-o-u-s-s_pt",0,0,2,0,0
"c-a-s-e-s_cm",0,0,2,0,0
"a-c-t-s_sq",0,0,2,0,0
"n-e-v-e-r",0,0,2,0,0
"s-u-b-m-i-t",0,0,1,0,0
"d-a-g-s_mi",0,0,1,0,0
"m-o-r-t-h-y-s_cm",0,0,1,0,0
"s-i-n-c-e",0,0,1,0,0
"h-o-n-o-u-r-e-d",0,0,1,0,0
"r-e-g-i-m-e-n-t-s_cm",0,0,1,0,0
"s-u-s-t-a-i-n-e-d",0,0,1,0,0
"i-n-c-o-n-c-e-i-v-a-b-l-e",0,0,1,0,0
"l-o-s_s-s-e-s",0,0,1,0,0
"d-e-l-a-y-i-n-g",0,0,2,0,0
"c-o-m-m-i-s_s-s-a-r-i-e-s",0,0,1,0,0
"w-i-l-l-i-a-m-s-b-u-r-g-h-s_qo",0,0,1,0,0
"c-a-r-o-l-i-n-a",0,0,1,0,0
"b-e-e-v-e-s",0,0,1,0,0
"d-e-a-d-s_cm",0,0,1,0,0
"t-h-r-o-u-g-h",0,0,2,0,0
"a-b-s_mi",0,0,1,0,0
"s-o-l-u-t-e",0,0,1,0,0
"p-o-v-e-r-t-y-s_sq",0,0,1,0,0
"c-h-i-e-f",0,0,1,0,0
"p-a-r-t",0,0,2,0,0
"t-o-o",0,0,1,0,0
"p-o-o-r",0,0,1,0,0
"s-l-a-u-g-h-t-e-r-s_pt",0,0,1,0,0
"l-o-s_s-s",0,0,1,0,0
"a-c-t-s_cm",0,0,1,0,0
"w-a-n-t",0,0,4,0,0
"m-u-t-i-n-y",0,0,1,0,0
"b-i-l-l-s_sq",0,0,1,0,0
"o-b-l-i-g-e-d",0,0,1,0,0
"h-o-n-o-u-r",0,0,4,0,0
"p-r-i-n-t-e-d-s_cm",0,0,1,0,0
"b-e-a-r-e-r-s_pt",0,0,1,0,0
"c-l-a-u-s-e",0,0,1,0,0
"b-i-l-l-s_cm",0,0,1,0,0
"k-i-n-d",0,0,3,0,0
"e-n-o-u-g-h",0,0,3,0,0
"o-b-v-i-a-t-e-s_cm",0,0,1,0,0
"p-r-e-v-e-n-t",0,0,1,0,0
"e-n-t-i-r-e-l-y",0,0,1,0,0
"i-n-t-e-n-s_mi",0,0,1,0,0
"i-t-s_qo",0,0,2,0,0
"i-s_pt-e-s_pt",0,0,1,0,0
"e-x-e-c-u-t-i-o-n",0,0,1,0,0
"s-e-n-s_mi",0,0,1,0,0
"t-e-n-c-e-s-s_cm",0,0,1,0,0
"q-u-a-i-n-t-e-d",0,0,1,0,0
"p-r-o-c-e-e-d-i-n-g-s",0,0,1,0,0
"c-o-u-r-t-s_pt",0,0,1,0,0
"t-h-i-s-s_cm",0,0,1,0,0
"t-i-m-e-s",0,0,2,0,0
"g-r-e-a-t-s_mi",0,0,1,0,0
"e-s-t",0,0,1,0,0
"o-c-c-a-s-i-o-n",0,0,2,0,0
"e-x-p-a-m-p-l-e-s-s_cm",0,0,1,0,0
"m-o-r-a-l-l-y",0,0,1,0,0
"p-o-s_s-s-i-b-l-e",0,0,1,0,0
"s_bl-i",0,0,1,0,0
"m-e-a-n",0,0,1,0,0
"o-u-r",0,0,8,0,0
"p-e-r-h-a-p-s",0,0,1,0,0
"n-e-a-r",0,0,1,0,0
"o-h-i-o-s_br",0,0,1,0,0
"s-t-r-o-n-g",0,0,1,0,0
"p-a-r-s_mi",0,0,1,0,0
"t-i-e-s",0,0,1,0,0
"s-a-f-e-t-y-s_qo",0,0,1,0,0
"a-t-t-e-n-d-e-d",0,0,1,0,0
"g-r-e-a-t",0,0,3,0,0
"e-x-p-e-n-c-e-s_cm",0,0,1,0,0
"t-r-o-u-b-l-e",0,0,1,0,0
"i-n-c-o-n-v-e-s_mi",0,0,1,0,0
"n-i-e-n-c-y-s_pt",0,0,1,0,0
"r-e-p-r-e-s-e-n-t-e-d",0,0,1,0,0
"c-o-r-b-i-n",0,0,1,0,0
"g-e-n-t-l-e-m-e-n",0,0,1,0,0
"c-o-u-n-c-i-l-s_cm",0,0,1,0,0
"d-o-w-n-s_sq",0,0,1,0,0
"o-b-j-e-c-t-i-o-n",0,0,1,0,0
"b-i-l-l",0,0,1,0,0
"w-o-u-l-d",0,0,11,0,0
"r-e-m-o-v-e-d-s_cm",0,0,1,0,0
"h-o-n-s_mi",0,0,1,0,0
"o-u-r-s",0,0,1,0,0
"g-i-v-i-n-g",0,0,1,0,0
"b-l-a-n-k",0,0,1,0,0
"w-a-r-r-a-n-t-s-s_cm",0,0,1,0,0
"f-i-l-l-e-d",0,0,1,0,0
"r-e-q-u-i-r-e-s_pt",0,0,1,0,0
"e-f-f-e-c-s_mi",0,0,1,0,0
"t-u-a-l-l-y",0,0,1,0,0
"r-e-m-e-d-y",0,0,1,0,0
"e-v-i-l-s-s_cm",0,0,1,0,0
"p-u-t",0,0,1,0,0
"p-r-o-p-e-r",0,0,3,0,0
"c-h-a-n-n-e-l-s_pt",0,0,1,0,0
"s-u-f-f-e-r",0,0,2,0,0
"k-e-t-s_mi",0,0,1,0,0
"s_3-s_0-s_2-s_pt",0,0,1,0,0
"k-e-t-t-l-e-s-s_qo",0,0,1,0,0
"b-e-l-o-w",0,0,1,0,0
"t-i-n-s_cm",0,0,1,0,0
"s-m-a-l-l",0,0,1,0,0
"d-u-r-a-t-i-o-n-s_pt",0,0,1,0,0
"t-i-m-e-s_cm",0,0,1,0,0
"c-l-o-t-h-i-n-g-s_sq",0,0,1,0,0
"p-a-r-t-s-s_qo",0,0,1,0,0
"c-a-r-l-y-l-e",0,0,1,0,0
"d-a-l-t-o-n",0,0,1,0,0
"f-u-r-n-i-s-h-s_cm",0,0,1,0,0
"d-i-s-a-p-p-o-i-n-t-e-d",0,0,1,0,0
"o-f-f-s_pt",0,0,1,0,0
"s-h-o-e-s",0,0,1,0,0
"s-t-o-c-k-i-n-g-s",0,0,1,0,0
"g-e-t",0,0,2,0,0
"w-a-n-t-e-d-s_cm",0,0,1,0,0
"e-l-s-e-s_pt",0,0,1,0,0
"g-l-a-d",0,0,3,0,0
"h-o-n-o-r",0,0,4,0,0
"d-o-n-e",0,0,1,0,0
"c-a-s_mi",0,0,1,0,0
"s-e-s-s_sq",0,0,1,0,0
"t-r-e-a-s-u-r-e-r",0,0,1,0,0
"g-o-l-d",0,0,1,0,0
"s-i-l-v-e-r-s_qo",0,0,1,0,0
"d-o-n-e-s_cm",0,0,1,0,0
"m-i-g-h-t",0,0,3,0,0
"p-e-n-n-s-y-l-v-a-n-i-a-s_cm",0,0,1,0,0
"h-e-r-e-s_pt",0,0,1,0,0
"i-m-p-o-s_s-s-i-b-l-e-s_sq",0,0,1,0,0
"p-a-p-e-r",0,0,2,0,0
"p-a-s_s-s-i-n-g",0,0,1,0,0
"t-h-e-r-e-s_pt",0,0,2,0,0
"s-e-r-v-i-c-e",0,0,2,0,0
"g-o-e-s",0,0,1,0,0
"t-r-e-m-e-l-y",0,0,1,0,0
"s-l-o-w-s_pt",0,0,1,0,0
"y-e-s-t-e-r-d-a-y",0,0,1,0,0
"r-e-n-d-e-z-v-o-u-s-i-n-g",0,0,1,0,0
"o-n-l-y-s_pt",0,0,1,0,0
"a-p-p-r-o-s_mi",0,0,1,0,0
"v-e-d",0,0,1,0,0
"i-t-s_sq",0,0,1,0,0
"p-e-n-n-s-y-l-v-a-n-i-a",0,0,1,0,0
"b-o-r-d-e-r-s",0,0,1,0,0
"c-a-r-o-l-i-n-a-s_qo",0,0,1,0,0
"c-o-n-f-i-d-e-n-t-s_cm",0,0,1,0,0
"d-i-r-e-c-t-i-s_mi",0,0,1,0,0
"o-n-s",0,0,1,0,0
"k-n-o-w-s_cm",0,0,1,0,0
"w-h-e-t-h-e-r",0,0,1,0,0
"l-a-i-d",0,0,1,0,0
"s-e-r-v-e",0,0,1,0,0
"a-c-c-o-r-d-i-n-g-l-y-s_pt",0,0,1,0,0
"c-o-n-c-e-i-v-e-s_cm",0,0,1,0,0
"d-a-n-g-e-r",0,0,1,0,0
"a-p-p-r-e-h-e-n-d-e-d",0,0,1,0,0
"w-i-n-t-e-r-s_sq",0,0,1,0,0
"s-e-n-s-i-b-l-e-s_cm",0,0,1,0,0
"c-o-n-s-t-a-n-t",0,0,1,0,0
"a-t-t-e-n-d-a-n-c-e",0,0,1,0,0
"i-n-s-t-r-u-c-t-i-o-n-s",0,0,1,0,0
"s-e-r-v-i-c-e-a-b-l-e",0,0,1,0,0
"r-i-d-i-n-g",0,0,1,0,0
"m-a-k-i-n-g",0,0,1,0,0
"d-i-s-p-o-s-i-t-i-o-n-s-s_cm",0,0,1,0,0
"s-e-e-i-n-g",0,0,1,0,0
"n-e-c-e-s_s-s_mi",0,0,1,0,0
"s-a-r-i-e-s",0,0,1,0,0
"f-o-r-w-a-r-d-e-d",0,0,1,0,0
"t-h-e-r-e-s_mi",0,0,1,0,0
"f-o-r-e",0,0,1,0,0
"a-d-v-i-s-a-b-l-e",0,0,1,0,0
"i-n-f-o-r-m",0,0,1,0,0
"i-t-s_cm",0,0,1,0,0
"h-o-p-i-n-g",0,0,1,0,0
"c-o-r-r-e-s-p-o-n-d",0,0,1,0,0
"o-p-i-n-i-o-n-s_pt",0,0,1,0,0
"f-o-r-g-o-t",0,0,1,0,0
"m-e-n-t-i-o-n",0,0,1,0,0
"d-o-w-n-s_cm",0,0,1,0,0
"l-i-v-i-n-g-s_mi",0,0,1,0,0
"s-t-o-n-s_cm",0,0,1,0,0
"m-a-j-o-r-s_cm",0,0,1,0,0
"a-d-j-u-t-a-n-t",0,0,1,0,0
"r-e-g-i-m-e-n-t-s_qo",0,0,2,0,0
"k-n-e-w",0,0,1,0,0
"e-l-s-e",0,0,1,0,0
"w-h-o-s-e",0,0,1,0,0
"l-o-n-g",0,0,1,0,0
"s-e-r-v-i-t-u-d-e",0,0,1,0,0
"w-a-y-s_cm",0,0,1,0,0
"q-u-a-l-i-f-i-e-d",0,0,1,0,0
"o-f-f-i-c-e-s_cm",0,0,1,0,0
"s_1-s_7th-s_pt",0,0,1,0,0
"s-e-p-t-e-m-b-e-r-s_pt",0,0,1,0,0
"m-e-r-c-e-r-s_qt-s",0,0,1,0,0
"c-a-m-p-s_cm",0,0,1,0,0
"s-e-e-m-s",0,0,1,0,0
"d-o-u-b-t-f-u-l-s_sq",0,0,1,0,0
"f-i-x",0,0,1,0,0
"s-t-e-w-a-r-t-s-s_qo",0,0,1,0,0
"s-t-e-w-s_mi",0,0,1,0,0
"a-r-t-s",0,0,1,0,0
"e-n-c-r-e-a-s-e-d-s_cm",0,0,1,0,0
"s-u-p-p-o-s-e",0,0,1,0,0
"b-e-l-o-n-g-i-n-g",0,0,1,0,0
"l-i-g-h-t",0,0,1,0,0
"h-o-r-s-e",0,0,1,0,0
"t-h-e-i-r-s",0,0,1,0,0
"a-u-g-m-e-n-s_mi",0,0,1,0,0
"t-e-d",0,0,1,0,0
"a-l-s-o-s_pt",0,0,1,0,0
"s-t-e-p-h-e-n-s-s_cm",0,0,1,0,0
"l-e-t-t-e-r-s_cm",0,0,1,0,0
"d-i-s-s_mi",0,0,1,0,0
"c-o-v-e-r-e-d",0,0,1,0,0
"i-n-c-l-i-n-a-t-i-o-n",0,0,1,0,0
"c-r-e-e-k",0,0,1,0,0
"c-h-e-s_mi",0,0,1,0,0
"r-o-k-e-e",0,0,1,0,0
"i-n-d-i-a-n-s",0,0,1,0,0
"w-i-n-t-e-r-s_pt",0,0,1,0,0
"t-o-l-d",0,0,1,0,0
"a-p-s_mi",0,0,1,0,0
"p-l-y-s_cm",0,0,1,0,0
"t-h-o-u-g-h-t-s-s_pt",0,0,1,0,0
"b-e-l-i-e-v-e-s_cm",0,0,1,0,0
"u-s-e-f-u-l",0,0,1,0,0
"b-u-s-i-n-e-s_s-s-s_cm",0,0,1,0,0
"s-p-a-r-e-d",0,0,1,0,0
"s-p-r-i-n-g-s_pt",0,0,1,0,0
"d-e-r",0,0,1,0,0
"a-s_s-s-e-m-b-l-y",0,0,1,0,0
"a-p-p-r-e-h-e-n-d-i-n-g",0,0,1,0,0
"d-e-s-e-r-s_mi",0,0,1,0,0
"t-e-r-s-s_cm",0,0,1,0,0
"a-g-a-i-n-s-t",0,0,1,0,0
"h-a-r-b-o-u-r-i-n-g",0,0,1,0,0
"p-u-b-l-i-s-h-e-d",0,0,1,0,0
"s-u-n-d-a-y",0,0,1,0,0
"p-a-r-i-s-h",0,0,1,0,0
"c-h-u-r-c-h-s_cm",0,0,1,0,0
"a-c-q-u-a-i-n-t-e-d",0,0,2,0,0
"l-a-w-s_cm",0,0,1,0,0
"e-f-f-e-c-t-s_pt",0,0,1,0,0
"c-o-m-m-o-n-a-l-t-y",0,0,1,0,0
"g-e-n-e-s_mi",0,0,1,0,0
"r-a-l-s_cm",0,0,1,0,0
"i-g-n-o-r-a-n-c-e",0,0,1,0,0
"d-e-s-i-g-n-s_qo",0,0,1,0,0
"f-e-w",0,0,1,0,0
"l-a-w",0,0,1,0,0
"e-x-i-s-t-s-s_qo",0,0,1,0,0
"c-e-r-t-a-i-n",0,0,1,0,0
"b-r-i-n-g-i-n-g",0,0,1,0,0
"k-n-o-w-l-e-d-g-e-s_pt",0,0,1,0,0
"d-i-d",0,0,1,0,0
"o-n-c-e",0,0,1,0,0
"b-e-l-o-n-g",0,0,1,0,0
"d-e-s-e-r-t-e-d",0,0,1,0,0
"r-e-g-i-m-e-n-t-s",0,0,1,0,0
"d-r-a-u-g-h-s_mi",0,0,1,0,0
"t-e-d-s_cm",0,0,1,0,0
"g-l-a-d-l-y",0,0,1,0,0
"s_3-s_0-s_4-s_pt",0,0,1,0,0
"s-u-r-e",0,0,1,0,0
"i-d-e-m-n-i-t-y-s_pt",0,0,1,0,0
"i-n-t-i-m-a-t-e",0,0,1,0,0
"s-h-i-r-l-e-y-s_cm",0,0,1,0,0
"c-o-l-o-n-e-l-s",0,0,1,0,0
"r-e-g-i-m-e-n-t-s-s_cm",0,0,1,0,0
"u-s-s_qo",0,0,1,0,0
"d-a-r-e",0,0,1,0,0
"r-o-b-i-n-s-o-n",0,0,1,0,0
"e-s-q-u-i-r-e-s_cm",0,0,1,0,0
"s-p-e-a-k-e-r-s_pt",0,0,1,0,0
"m-e-r-c-e-r-s_cm",0,0,1,0,0
"c-o-m-p-t-s",0,0,1,0,0
"c-o-m-m-i-t-t-e-e-s_sq",0,0,1,0,0
"c-a-l-l",0,0,1,0,0
"p-o-u-n-d-s-s_cm",0,0,1,0,0
"b-e-l-i-e-v-e",0,0,1,0,0
"a-n-o-t-h-e-r",0,0,1,0,0
"o-f-f-e-r-s_sq",0,0,1,0,0
"d-e-m-a-n-d-s",0,0,1,0,0
"g-r-e-a-t-e-s-t-s_pt",0,0,1,0,0
"w-i-l-l-i-s_mi",0,0,1,0,0
"a-m-s-b-u-r-g-h-s_cm",0,0,1,0,0
"p-r-o-c-e-e-d",0,0,1,0,0
"w-i-n-c-h-e-s-s_mi",0,0,1,0,0
"t-e-r-s_sq",0,0,1,0,0
"p-e-a-c-e",0,0,1,0,0
"p-r-e-v-a-i-l-e-d",0,0,1,0,0
"i-m-m-e-d-i-a-t-e-s_mi",0,0,1,0,0
"l-y",0,0,1,0,0
"s-a-l-t-s_sq",0,0,1,0,0
"g-a-g-e",0,0,1,0,0
"c-o-u-l-d-s_cm",0,0,1,0,0
"a-r-r-i-v-a-l",0,0,1,0,0
"p-l-a-c-e-s_sq",0,0,1,0,0
"s-u-n-d-r-y",0,0,1,0,0
"t-r-o-o-p-s-s_pt",0,0,1,0,0
"v-e-s_s-s_mi",0,0,1,0,0
"s-e-l",0,0,1,0,0
"w-i-l-l-i-a-m-s-b-u-r-g-h",0,0,1,0,0
"d-a-y-s",0,0,1,0,0
"d-i-d-s_cm",0,0,1,0,0
"a-r-r-i-v-e-d-s_qo",0,0,1,0,0
"p-r-e-s_s-s",0,0,1,0,0
"r-e-t-u-r-n-e-d-s_cm",0,0,1,0,0
"s-h-i-r-l-e-y",0,0,1,0,0
"c-o-m-m-i-s_s-s-i-o-n-s",0,0,1,0,0
"f-i-e-l-d",0,0,1,0,0
"g-i-v-e-s",0,0,1,0,0
"c-o-n-c-e-r-n-s_sq",0,0,1,0,0
"f-e-a-r-i-n-g",0,0,1,0,0
"l-a-y",0,0,1,0,0
"u-s-e-l-e-s_s-s",0,0,1,0,0
